"Cluster","Archetype","Community_Count","Altitude_Meters","Avg_Annual_Rainfall_MM","Soil_Organic_Matter_Percent","Avg_Temperature_Celsius","Water_Source_Reliability_Index","Organic_Certification_Status","Traditional_Methods_Adherence_Score","Post_Harvest_Processing_Tech_Level","Avg_Farm_Size_Hectares","Access_To_Electricity_Percent","Storage_Capacity_Index","Artisan_Skills_Training_Hours_Avg","Cooperative_Membership_Rate_Percent","Avg_Literacy_Rate_Percent","Youth_Engagement_Rate_Percent","Distance_To_Major_Market_KM","Road_Infrastructure_Quality_Score","Online_Sales_Channel_Usage_Percent","Local_Demand_Index","Export_Potential_Score","Dominant_Region","Dominant_Region_Count","Dominant_Dominant_Spice_Type","Dominant_Dominant_Spice_Type_Count"
1,"Digital Market Connectors",75,802.746666666667,962.026666666667,70.2026666666667,19.84,78.2666666666667,0.386666666666667,6.85333333333333,4.65333333333333,5.03481199963597,86.1066666666667,72.84,29.36,64.52,74.84,59.8666666666667,101.066666666667,3.89333333333333,70.2266666666667,81.8533333333333,5.69333333333333,"Western Silk Route",40,"Cinnamon",27
2,"Lowland Volume Producers",90,284.288888888889,1199.31111111111,60.0266666666667,24.8333333333333,68.7888888888889,0.1,5.23333333333333,3.92222222222222,14.9493581503938,88.9444444444444,56.5,15.7111111111111,55.7666666666667,64.9666666666667,30.4777777777778,55.4,3.11111111111111,16.3111111111111,87.6222222222222,3.23333333333333,"Eastern Silk Route",71,"Turmeric",44
3,"High-Altitude Artisan Specialists",75,2524,695.453333333333,84.8346666666667,12.1733333333333,91.1333333333333,0.893333333333333,8.76,3.09333333333333,2.56720577711508,71.84,79.3066666666667,36.92,72.8666666666667,79.12,47.9866666666667,196.32,3.94666666666667,29.4133333333333,69.9066666666667,8.2,"Western Silk Route",45,"Saffron",41
4,"Infrastructure-Constrained Traditional Communities",60,1505.38333333333,803.633333333333,75.6883333333333,18.1166666666667,61.1,0.416666666666667,8.21666666666667,1.91666666666667,7.21340330199209,38.2166666666667,47.7833333333333,12.4333333333333,42.5666666666667,51.05,20.7333333333333,302.383333333333,2.03333333333333,13.0666666666667,59.9666666666667,2.3,"Central Silk Route",23,"Mixed Herbs",33
