"Clusters","Average_Silhouette"
2,0.290979124844365
3,0.355287954503997
4,0.36745945519489
5,0.315890235228041
6,0.253140718922941
7,0.171285502007647
8,0.0975838168219975
9,0.102053522010774
10,0.0975835487719022
